categoria,porcentagem
Python,1.3921113689095128
Java,22.273781902552205
PHP,0.23201856148491878
